source,target,in_domain,n_seeds,vanilla_mean,fgm_mean,delta_mean,delta_std,delta_ci95_lo,delta_ci95_hi,exact_sign_flip_p,p_holm_9_cells,significant_holm_0_05
banglasarc3_binary,banglasarc3_binary,True,5,0.7605290962933047,0.759524242762485,-0.0010048535308197603,0.01385577669395913,-0.018209072618859585,0.016199365557220066,0.9375,1.0,False
banglasarc3_binary,banglasarc_binary,False,5,0.6414707328112773,0.6238043786684446,-0.01766635414283284,0.021904930909016643,-0.04486491823569966,0.009532209950033975,0.1875,1.0,False
banglasarc3_binary,ben_sarc_binary,False,5,0.6675263229061242,0.6699685643962783,0.002442241490153929,0.004246840474561122,-0.0028309074332232053,0.0077153904135310635,0.3125,1.0,False
banglasarc_binary,banglasarc3_binary,False,5,0.3373619269370023,0.3340533284733548,-0.003308598463647594,0.004655557176807051,-0.009089236201668065,0.002472039274372877,0.25,1.0,False
banglasarc_binary,banglasarc_binary,True,5,0.9728044543601605,0.9816548303998989,0.008850376039738261,0.005810608386601605,0.0016355527984341896,0.016065199281042334,0.125,1.0,False
banglasarc_binary,ben_sarc_binary,False,5,0.34617593433125593,0.34601626012796693,-0.0001596742032890508,0.00291427917401648,-0.0037782297343803167,0.003458881327802215,0.9375,1.0,False
ben_sarc_binary,banglasarc3_binary,False,5,0.6441097944931915,0.6490237832213607,0.004913988728169194,0.009263636721403372,-0.006588335481235724,0.01641631293757411,0.5,1.0,False
ben_sarc_binary,banglasarc_binary,False,5,0.59064185182486,0.5955841933018913,0.004942341477031454,0.023331739826278536,-0.02402783988071555,0.03391252283477846,0.6875,1.0,False
ben_sarc_binary,ben_sarc_binary,True,5,0.791412492388394,0.7983979259160027,0.006985433527608653,0.006259183408487734,-0.0007863691688648903,0.014757236224082197,0.125,1.0,False
