source,banglasarc3_binary,banglasarc_binary,ben_sarc_binary
banglasarc3_binary,0.7659033282408556,0.6051549982584465,0.6780431607125965
banglasarc_binary,0.3383815616790614,0.976550497291178,0.346434538989289
ben_sarc_binary,0.6406721275424293,0.5908224422442244,0.7992101075206091
