{
  "proposed": "09b_fgm_awp",
  "boot_mean": 0.8042425013947149,
  "ci95": [
    0.7889133649573781,
    0.8192176601658223
  ]
}