bucket,n,acc
0-40,649,0.7873651771956857
40-80,1048,0.7948473282442748
80-120,505,0.8217821782178217
120-200,274,0.8540145985401459
200+,87,0.7816091954022989
